Kathryn,kmcdonald0@earthlink.net
Mary,mrice1@cmu.edu
Charles,ccampbell2@1und1.de
Anna,anelson3@umn.edu
Rebecca,relliott4@berkeley.edu
Phillip,pgilbert5@wikimedia.org
Diana,dgreene6@cmu.edu
Stephen,scrawford7@cnet.com
Jerry,jstewart8@answers.com
Judith,jortiz9@networksolutions.com
Louise,lmontgomerya@barnesandnoble.com
Wayne,wsullivanb@squidoo.com
Joshua,jnguyenc@sfgate.com
Charles,chicksd@myspace.com
Ryan,rhalle@furl.net
Samuel,swillisf@cpanel.net
William,wcoxg@microsoft.com
Ralph,rfosterh@posterous.com
Aaron,ahansoni@usnews.com
Billy,bnicholsj@toplist.cz
Jeremy,jgarrettk@amazon.de
Judy,jlynchl@businesswire.com
Eric,efergusonm@barnesandnoble.com
Marilyn,mwrightn@pinterest.com
Stephanie,swilliso@hibu.com
Todd,trobertsonp@disqus.com
Benjamin,bstephensq@sohu.com
Irene,ihunterr@kickstarter.com
Eric,efishers@gizmodo.com
Jennifer,jsimst@unicef.org
Margaret,mmasonu@blog.com
Tammy,tdayv@nhs.uk
Diane,dramosw@sourceforge.net
Carol,chayesx@eventbrite.com
Justin,jjohnsony@themeforest.net
James,jrichardsz@biblegateway.com
Kelly,kallen10@trellian.com
Patricia,pmeyer11@sfgate.com
Doris,dadams12@seattletimes.com
Eric,ewalker13@scientificamerican.com
Linda,lwilson14@nhs.uk
Beverly,bkelly15@seesaa.net
Howard,hjohnson16@google.cn
Samuel,sgriffin17@tiny.cc
Shirley,sstone18@de.vu
Larry,ljohnson19@narod.ru
Rose,rharper1a@fc2.com
Jose,jmyers1b@canalblog.com
Marilyn,myoung1c@tmall.com
Gary,glewis1d@stanford.edu
Albert,awells1e@tumblr.com
Jennifer,jturner1f@trellian.com
Terry,tmurphy1g@imdb.com
Rose,rfoster1h@is.gd
Eugene,ehamilton1i@ucoz.ru
Robin,rjenkins1j@msn.com
Janet,jdean1k@ucla.edu
Johnny,jgomez1l@go.com
Joseph,jblack1m@quantcast.com
Roy,rduncan1n@va.gov
